{
  "manifest": {
    "apis": {
      "custom": {
        "interfaces": []
      }
    },
    "manifestVersion": "1.0",
    "publishingInformation": {
      "category": "KNOWLEDGE_AND_TRIVIA",
      "locales": {
        "es-ES": {
          "description": "Pida datos espaciales y aprenda sobre los planetas y el universo. Curiosidades del Espacio proporciona diversión que toda la familia puede disfrutar y está garantizado para hacerte más inteligente. Para empezar, simplemente di «Alexa, abre curiosidades del espacio» o «Alexa, lanza curiosidades del espacio» para obtener un hecho». En cualquier momento, puede parar diciendo «Alexa, detente»",
          "examplePhrases": [
            "Alexa abre curiosidades del espacio"
          ],
          "keywords": [
            "espacio",
            "datos"
          ],
          "name": "Curiosidades del espacio",
          "summary": "Aprenda datos divertidos sobre el espacio."
        }
      }
    }
  }
}