{
  "interactionModel": {
    "languageModel": {
      "invocationName": "curiosidades del espacio",
      "intents": [
        {
          "name": "AMAZON.CancelIntent",
          "samples": []
        },
        {
          "name": "AMAZON.HelpIntent",
          "samples": []
        },
        {
          "name": "AMAZON.StopIntent",
          "samples": []
        },
        {
          "name": "GetNewFactIntent",
          "slots": [],
          "samples": [
            "un dato",
            "un dato del espacio",
            "dime un dato",
            "dime un dato del espacio",
            "dame un dato",
            "dame un dato del espacio",
            "dime una",
            "dime algo",
            "dime una curiosidad"
          ]
        },
        {
          "name": "AMAZON.NavigateHomeIntent",
          "samples": []
        }
      ],
      "types": []
    }
  },
  "version": "2"
}