{
  "interactionModel": {
    "languageModel": {
      "invocationName": "hay algo por hacer",
      "intents": [
        {
          "name": "AMAZON.CancelIntent",
          "samples": []
        },
        {
          "name": "AMAZON.HelpIntent",
          "samples": []
        },
        {
          "name": "AMAZON.StopIntent",
          "samples": []
        },
        {
          "name": "GetHomeStatusIntent",
          "slots": [],
          "samples": [
            "que tal la casa",
            "como esta todo",
            "todo bien",
            "dime un dato del espacio",
            "dame un dato",
            "dame un dato del espacio",
            "dime una",
            "dime algo",
            "dime una curiosidad"
          ]
        },
        {
          "name": "AMAZON.NavigateHomeIntent",
          "samples": []
        }
      ],
      "types": []
    }
  },
  "version": "1"
}